{"_wandb":{"runtime":1},"train_loss":2.3258166313171387,"train_accuracy":0.09375,"_timestamp":1.736426126610229e+09,"_runtime":1.191123,"_step":0}