{"_wandb":{"runtime":51},"_timestamp":1.7364270988868449e+09,"_runtime":51.864337,"_step":9379,"train_loss":0.3063026964664459,"train_accuracy":0.875}