{"_timestamp":1.7364265792820191e+09,"_runtime":43.883986,"_step":9379,"_wandb":{"runtime":43},"train_loss":0.2851330041885376,"train_accuracy":0.8125}