{"_runtime":23.379599,"_step":4689,"_wandb":{"runtime":23},"train_loss":0.04203163832426071,"train_accuracy":1,"_timestamp":1.736495144078537e+09}