{"train_accuracy":0.9375,"_timestamp":1.736425971966191e+09,"_wandb":{"runtime":45},"_runtime":45.712047,"_step":9379,"train_loss":0.2542523145675659}